Weight Coefficients,Y-intercept
-0.040568620351226506,0.5578569221079583
